INSERT INTO carrera VALUES('1','ING CIVIL COMPUTACION');
INSERT INTO carrera VALUES('2','ING CIVIL INDUSTRIAL');
INSERT INTO carrera VALUES('3','ING CIVIL OBRAS CIVILES');
INSERT INTO carrera VALUES('4','ING CIVIL MECATRONICA');
INSERT INTO carrera VALUES('5','ING CIVIL MECANICA');
INSERT INTO carrera VALUES('6','ING CIVIL ELECTRICA');
INSERT INTO carrera VALUES('7','ING CIVIL MINAS');
INSERT INTO carrera VALUES('8','ING INFORMATICA EMPRESARIAL');
INSERT INTO carrera VALUES('9','PSICOLOGIA');
INSERT INTO carrera VALUES('10','MUSICA');
INSERT INTO carrera VALUES('11','MEDICINA');
INSERT INTO carrera VALUES('12','ING COMERCIAL');
INSERT INTO carrera VALUES('13','DERECHO');
INSERT INTO carrera VALUES('14','ING FORESTAL');
INSERT INTO carrera VALUES('15','DISENO');
INSERT INTO carrera VALUES('16','ENFERMERIA');
INSERT INTO carrera VALUES('17','ODONTOLOGIA');
INSERT INTO carrera VALUES('18','ARQUITECTURA');
INSERT INTO carrera VALUES('19','AGRONOMIA');
INSERT INTO carrera VALUES('20','KINESIOLOGIA');
INSERT INTO ramo VALUES('1','Calculo');
INSERT INTO ramo VALUES('2','Fisica');
INSERT INTO ramo VALUES('3','Quimica');
INSERT INTO ramo VALUES('4','Comunicacion Oral y Escrita');
INSERT INTO ramo VALUES('5','Introducion a la Programacion');
INSERT INTO ramo VALUES('6','Programacion');
INSERT INTO ramo VALUES('7','Solucion Algoritmica de Problemas');
INSERT INTO ramo VALUES('8','Programacion Avanzada');
INSERT INTO ramo VALUES('9','Proyecto de Programacion');
INSERT INTO ramo VALUES('10','Diseno de Bases de Datos');
INSERT INTO ramo VALUES('11','Recursos Humanos');
INSERT INTO ramo VALUES('12','Modelos Discretos');
INSERT INTO ramo VALUES('13','Ingles');
INSERT INTO ramo VALUES('14','Intruccion a la Teoria de Sistemas');
INSERT INTO ramo VALUES('15','Ecuaciones Diferenciales');
INSERT INTO ramo VALUES('16','Algebra Lineal');
INSERT INTO ramo VALUES('17','Requisitos de Software');
INSERT INTO ramo VALUES('18','Interfaz Humano Computador');
INSERT INTO ramo VALUES('19','Algoritmos y Estructuras de Datos');
INSERT INTO ramo VALUES('20','Trabajo en Equipo y Liderazgo');
INSERT INTO alumno VALUES('1','Victor Reyes','1');
INSERT INTO alumno VALUES('2','Juan Cordero','1');
INSERT INTO alumno VALUES('3','Ignacio Correa','1');
INSERT INTO alumno VALUES('4','Gustavo Rojas','1');
INSERT INTO alumno VALUES('5','Nicolas Pradenas','1');
INSERT INTO alumno VALUES('6','Cristobal Henriquez','1');
INSERT INTO alumno VALUES('7','Cristian Farias','1');
INSERT INTO alumno VALUES('8','Matias Erenchun','1');
INSERT INTO alumno VALUES('9','Alan Garate','1');
INSERT INTO alumno VALUES('10','Mario Matamala','1');
INSERT INTO alumno VALUES('11','Cristobal Fernandez','2');
INSERT INTO alumno VALUES('12','Bastian Barrera','2');
INSERT INTO alumno VALUES('13','Gabriela Gonzalez','2');
INSERT INTO alumno VALUES('14','Pedro Gonzalez','1');
INSERT INTO alumno VALUES('15','Eva Donoso','2');
INSERT INTO alumno VALUES('16','Matias Rojas','2');
INSERT INTO alumno VALUES('17','Ignacio Gonzalez','3');
INSERT INTO alumno VALUES('18','Ingrid Morales','4');
INSERT INTO alumno VALUES('19','Camila Villena','2');
INSERT INTO alumno VALUES('20','Claudia Matamala','2');
INSERT INTO profesor VALUES('01.000.000-0','Cristian','Mardones',25,'Matematicas',0);
INSERT INTO profesor VALUES('02.000.000-0','Wilfred','Flores',45,'Matematicas',0);
INSERT INTO profesor VALUES('03.000.000-0','Roque','Bustamante',40,'Matematicas',0);
INSERT INTO profesor VALUES('04.000.000-0','Claudio','del Pino',59,'Matematicas',0);
INSERT INTO profesor VALUES('05.000.000-0','Milton','Elgueta',58,'Fisica',0);
INSERT INTO profesor VALUES('06.000.000-0','Walter','Bussenius',55,'Fisica',0);
INSERT INTO profesor VALUES('07.000.000-0','Narciso','Cerpa',68,'DCC',0);
INSERT INTO profesor VALUES('08.000.000-0','Matt','Bardeen',49,'DCC',0);
INSERT INTO profesor VALUES('09.000.000-0','Renzo','Angles',30,'DCC',0);
INSERT INTO profesor VALUES('10.000.000-0','Cesar','Astudillo',35,'DCC',0);
INSERT INTO profesor VALUES('11.000.000-0','Benjamin','Ingram',31,'DCC',0);
INSERT INTO profesor VALUES('12.000.000-0','Rodrigo','Paredes',36,'DCC',0);
INSERT INTO profesor VALUES('13.000.000-0','Ruth','Garrido',48,'DCC',0);
INSERT INTO profesor VALUES('14.000.000-0','Pablo','Rojas',34,'DCC',0);
INSERT INTO profesor VALUES('15.000.000-0','Rodolfo','Allendes',45,'DCC',0);
INSERT INTO profesor VALUES('16.000.000-0','Federico','Meza',53,'DCC',0);
INSERT INTO profesor VALUES('17.000.000-0','Juan','Nanjari',57,'Humanista',0);
INSERT INTO profesor VALUES('18.000.000-0','Veronica','Herrazuriz',34,'Humanista',0);
INSERT INTO profesor VALUES('19.000.000-0','Ruben','Cortes',55,'Humanista',0);
INSERT INTO profesor VALUES('20.000.000-0','Carmen','Covarrubias',49,'Humanista',0);
INSERT INTO comentario VALUES('1','Buen comentario','1/1/2016','0','01.000.000-0');
INSERT INTO comentario VALUES('2','Mal comentario',' 1/2/2016','0','08.000.000-0');
INSERT INTO comentario VALUES('3','Comentario apropiado',' 2/2/2016','0','03.000.000-0');
INSERT INTO comentario VALUES('4','Comentario random',' 3/3/2016','0','05.000.000-0');
INSERT INTO comentario VALUES('5','Muy buena habilidad',' 3/3/2016','0','09.000.000-0');
INSERT INTO comentario VALUES('6','Comentario inventado',' 4/4/2016','0','15.000.000-0');
INSERT INTO comentario VALUES('7','No se que comentar',' 5/5/2016','0','18.000.000-0');
INSERT INTO comentario VALUES('8','Algun comentario casual','1/1/2016','0','02.000.000-0');
INSERT INTO comentario VALUES('9','Comentario vacio','10/06/2016','0','06.000.000-0');
INSERT INTO comentario VALUES('10','No aplica','11/09/2016','0','07.000.000-0');
INSERT INTO comentario VALUES('11','Sin comentarios','12/10/2016','0','19.000.000-0');
INSERT INTO comentario VALUES('12','Sin creatividad','1/2/2016','0','07.000.000-0');
INSERT INTO comentario VALUES('13','El profesor destaca en esta habilidad','3/4/2016','0','09.000.000-0');
INSERT INTO comentario VALUES('14','El profesor no cumple con esta habilidad','12/12/2016','0','13.000.000-0');
INSERT INTO comentario VALUES('15','No deberia ser obligatorio comentar','10/10/2016','0','10.000.000-0');
INSERT INTO comentario VALUES('16','Profesor deficiente','9/9/2016','0','19.000.000-0');
INSERT INTO comentario VALUES('17','Profesor altamente calificado','8/8/2016','0','09.000.000-0');
INSERT INTO comentario VALUES('18','Profesor recomendable','7/7/2016','0','17.000.000-0');
INSERT INTO comentario VALUES('19','Profesor no recomendable','6/6/2016','0','07.000.000-0');
INSERT INTO comentario VALUES('20','Nada que decir sobre el profesor','1/9/2016','0','12.000.000-0');
INSERT INTO alumnorealizacomentario VALUES(1,4);
INSERT INTO alumnorealizacomentario VALUES(4,5);
INSERT INTO alumnorealizacomentario VALUES(5,6);
INSERT INTO alumnorealizacomentario VALUES(6,7);
INSERT INTO alumnorealizacomentario VALUES(12,8);
INSERT INTO alumnorealizacomentario VALUES(1,9);
INSERT INTO alumnorealizacomentario VALUES(14,10);
INSERT INTO alumnorealizacomentario VALUES(19,11);
INSERT INTO alumnorealizacomentario VALUES(20,12);
INSERT INTO alumnorealizacomentario VALUES(2,13);
INSERT INTO alumnorealizacomentario VALUES(3,14);
INSERT INTO alumnorealizacomentario VALUES(3,15);
INSERT INTO alumnorealizacomentario VALUES(7,16);
INSERT INTO alumnorealizacomentario VALUES(6,17);
INSERT INTO alumnorealizacomentario VALUES(11,18);
INSERT INTO alumnorealizacomentario VALUES(17,19);
INSERT INTO alumnorealizacomentario VALUES(18,20);
INSERT INTO alumnorealizacomentario VALUES(15,1);
INSERT INTO alumnorealizacomentario VALUES(16,2);
INSERT INTO alumnorealizacomentario VALUES(18,3);
INSERT INTO alumnopuntuacomentario VALUES(1,2,0);
INSERT INTO alumnopuntuacomentario VALUES(2,3,5);
INSERT INTO alumnopuntuacomentario VALUES(3,2,0);
INSERT INTO alumnopuntuacomentario VALUES(4,2,3);
INSERT INTO alumnopuntuacomentario VALUES(5,2,2);
INSERT INTO alumnopuntuacomentario VALUES(6,2,1);
INSERT INTO alumnopuntuacomentario VALUES(7,5,5);
INSERT INTO alumnopuntuacomentario VALUES(8,10,0);
INSERT INTO alumnopuntuacomentario VALUES(9,11,4);
INSERT INTO alumnopuntuacomentario VALUES(10,6,5);
INSERT INTO alumnopuntuacomentario VALUES(11,10,1);
INSERT INTO alumnopuntuacomentario VALUES(12,20,2);
INSERT INTO alumnopuntuacomentario VALUES(13,11,5);
INSERT INTO alumnopuntuacomentario VALUES(14,9,3);
INSERT INTO alumnopuntuacomentario VALUES(15,8,1);
INSERT INTO alumnopuntuacomentario VALUES(16,1,0);
INSERT INTO alumnopuntuacomentario VALUES(17,2,1);
INSERT INTO alumnopuntuacomentario VALUES(18,3,4);
INSERT INTO alumnopuntuacomentario VALUES(19,5,1);
INSERT INTO alumnopuntuacomentario VALUES(20,19,0);
INSERT INTO habilidad VALUES(1,'Conicimiento','Aspecto de un profesor relacionado al conocimiento académico y manejo de la materia.');
INSERT INTO habilidad VALUES(2,'Pedagogia','Aspecto de un profesor relacionado con como enseña este y si subjetivamente los alumnos le entienden.');
INSERT INTO habilidad VALUES(3,'Evaluacion','Aspecto de un profesor relacionado en la forma en que realiza los distintos tipos de evaluaciones y si existe algún patrón o consejo en estas. ');
INSERT INTO habilidad VALUES(4,'Empatia','Aspecto de un profesor relacionado con la predisposición de consultar dudas. Dar algo de ayuda a alumnos en situaciones críticas y a algunos que les dificulte la materia.');
INSERT INTO habilidad VALUES(5,'Carisma','Aspecto de un profesor relacionado con la predisposición de consultar dudas. Dar algo de ayuda a alumnos en situaciones críticas y a algunos que les dificulte la materia.');
INSERT INTO comentariohabilidad VALUES(1,1);
INSERT INTO comentariohabilidad VALUES(2,2);
INSERT INTO comentariohabilidad VALUES(3,3);
INSERT INTO comentariohabilidad VALUES(4,4);
INSERT INTO comentariohabilidad VALUES(5,5);
INSERT INTO comentariohabilidad VALUES(6,5);
INSERT INTO comentariohabilidad VALUES(7,4);
INSERT INTO comentariohabilidad VALUES(8,3);
INSERT INTO comentariohabilidad VALUES(9,2);
INSERT INTO comentariohabilidad VALUES(10,1);
INSERT INTO comentariohabilidad VALUES(11,1);
INSERT INTO comentariohabilidad VALUES(12,1);
INSERT INTO comentariohabilidad VALUES(13,2);
INSERT INTO comentariohabilidad VALUES(14,2);
INSERT INTO comentariohabilidad VALUES(15,3);
INSERT INTO comentariohabilidad VALUES(16,3);
INSERT INTO comentariohabilidad VALUES(17,4);
INSERT INTO comentariohabilidad VALUES(18,4);
INSERT INTO comentariohabilidad VALUES(19,5);
INSERT INTO comentariohabilidad VALUES(20,5);
INSERT INTO profesorhabilidad VALUES('01.000.000-0',1);
INSERT INTO profesorhabilidad VALUES('01.000.000-0',2);
INSERT INTO profesorhabilidad VALUES('01.000.000-0',3);
INSERT INTO profesorhabilidad VALUES('01.000.000-0',4);
INSERT INTO profesorhabilidad VALUES('01.000.000-0',5);
INSERT INTO profesorhabilidad VALUES('02.000.000-0',1);
INSERT INTO profesorhabilidad VALUES('02.000.000-0',2);
INSERT INTO profesorhabilidad VALUES('02.000.000-0',3);
INSERT INTO profesorhabilidad VALUES('02.000.000-0',4);
INSERT INTO profesorhabilidad VALUES('02.000.000-0',5);
INSERT INTO profesorhabilidad VALUES('03.000.000-0',1);
INSERT INTO profesorhabilidad VALUES('03.000.000-0',2);
INSERT INTO profesorhabilidad VALUES('03.000.000-0',3);
INSERT INTO profesorhabilidad VALUES('03.000.000-0',4);
INSERT INTO profesorhabilidad VALUES('03.000.000-0',5);
INSERT INTO profesorhabilidad VALUES('04.000.000-0',1);
INSERT INTO profesorhabilidad VALUES('04.000.000-0',2);
INSERT INTO profesorhabilidad VALUES('04.000.000-0',3);
INSERT INTO profesorhabilidad VALUES('04.000.000-0',4);
INSERT INTO profesorhabilidad VALUES('04.000.000-0',5);
INSERT INTO profesorhabilidad VALUES('05.000.000-0',1);
INSERT INTO profesorhabilidad VALUES('05.000.000-0',2);
INSERT INTO profesorhabilidad VALUES('05.000.000-0',3);
INSERT INTO profesorhabilidad VALUES('05.000.000-0',4);
INSERT INTO profesorhabilidad VALUES('05.000.000-0',5);
INSERT INTO profesorhabilidad VALUES('06.000.000-0',1);
INSERT INTO profesorhabilidad VALUES('06.000.000-0',2);
INSERT INTO profesorhabilidad VALUES('06.000.000-0',3);
INSERT INTO profesorhabilidad VALUES('06.000.000-0',4);
INSERT INTO profesorhabilidad VALUES('06.000.000-0',5);
INSERT INTO profesorhabilidad VALUES('07.000.000-0',1);
INSERT INTO profesorhabilidad VALUES('07.000.000-0',2);
INSERT INTO profesorhabilidad VALUES('07.000.000-0',3);
INSERT INTO profesorhabilidad VALUES('07.000.000-0',4);
INSERT INTO profesorhabilidad VALUES('07.000.000-0',5);
INSERT INTO profesorhabilidad VALUES('08.000.000-0',1);
INSERT INTO profesorhabilidad VALUES('08.000.000-0',2);
INSERT INTO profesorhabilidad VALUES('08.000.000-0',3);
INSERT INTO profesorhabilidad VALUES('08.000.000-0',4);
INSERT INTO profesorhabilidad VALUES('08.000.000-0',5);
INSERT INTO profesorhabilidad VALUES('09.000.000-0',1);
INSERT INTO profesorhabilidad VALUES('09.000.000-0',2);
INSERT INTO profesorhabilidad VALUES('09.000.000-0',3);
INSERT INTO profesorhabilidad VALUES('09.000.000-0',4);
INSERT INTO profesorhabilidad VALUES('09.000.000-0',5);
INSERT INTO profesorhabilidad VALUES('10.000.000-0',1);
INSERT INTO profesorhabilidad VALUES('10.000.000-0',2);
INSERT INTO profesorhabilidad VALUES('10.000.000-0',3);
INSERT INTO profesorhabilidad VALUES('10.000.000-0',4);
INSERT INTO profesorhabilidad VALUES('10.000.000-0',5);
INSERT INTO profesorhabilidad VALUES('11.000.000-0',1);
INSERT INTO profesorhabilidad VALUES('11.000.000-0',2);
INSERT INTO profesorhabilidad VALUES('11.000.000-0',3);
INSERT INTO profesorhabilidad VALUES('11.000.000-0',4);
INSERT INTO profesorhabilidad VALUES('11.000.000-0',5);
INSERT INTO profesorhabilidad VALUES('12.000.000-0',1);
INSERT INTO profesorhabilidad VALUES('12.000.000-0',2);
INSERT INTO profesorhabilidad VALUES('12.000.000-0',3);
INSERT INTO profesorhabilidad VALUES('12.000.000-0',4);
INSERT INTO profesorhabilidad VALUES('12.000.000-0',5);
INSERT INTO profesorhabilidad VALUES('13.000.000-0',1);
INSERT INTO profesorhabilidad VALUES('13.000.000-0',2);
INSERT INTO profesorhabilidad VALUES('13.000.000-0',3);
INSERT INTO profesorhabilidad VALUES('13.000.000-0',4);
INSERT INTO profesorhabilidad VALUES('13.000.000-0',5);
INSERT INTO profesorhabilidad VALUES('14.000.000-0',1);
INSERT INTO profesorhabilidad VALUES('14.000.000-0',2);
INSERT INTO profesorhabilidad VALUES('14.000.000-0',3);
INSERT INTO profesorhabilidad VALUES('14.000.000-0',4);
INSERT INTO profesorhabilidad VALUES('14.000.000-0',5);
INSERT INTO profesorhabilidad VALUES('15.000.000-0',1);
INSERT INTO profesorhabilidad VALUES('15.000.000-0',2);
INSERT INTO profesorhabilidad VALUES('15.000.000-0',3);
INSERT INTO profesorhabilidad VALUES('15.000.000-0',4);
INSERT INTO profesorhabilidad VALUES('15.000.000-0',5);
INSERT INTO profesorhabilidad VALUES('16.000.000-0',1);
INSERT INTO profesorhabilidad VALUES('16.000.000-0',2);
INSERT INTO profesorhabilidad VALUES('16.000.000-0',3);
INSERT INTO profesorhabilidad VALUES('16.000.000-0',4);
INSERT INTO profesorhabilidad VALUES('16.000.000-0',5);
INSERT INTO profesorhabilidad VALUES('17.000.000-0',1);
INSERT INTO profesorhabilidad VALUES('17.000.000-0',2);
INSERT INTO profesorhabilidad VALUES('17.000.000-0',3);
INSERT INTO profesorhabilidad VALUES('17.000.000-0',4);
INSERT INTO profesorhabilidad VALUES('17.000.000-0',5);
INSERT INTO profesorhabilidad VALUES('18.000.000-0',1);
INSERT INTO profesorhabilidad VALUES('18.000.000-0',2);
INSERT INTO profesorhabilidad VALUES('18.000.000-0',3);
INSERT INTO profesorhabilidad VALUES('18.000.000-0',4);
INSERT INTO profesorhabilidad VALUES('18.000.000-0',5);
INSERT INTO profesorhabilidad VALUES('19.000.000-0',1);
INSERT INTO profesorhabilidad VALUES('19.000.000-0',2);
INSERT INTO profesorhabilidad VALUES('19.000.000-0',3);
INSERT INTO profesorhabilidad VALUES('19.000.000-0',4);
INSERT INTO profesorhabilidad VALUES('19.000.000-0',5);
INSERT INTO profesorhabilidad VALUES('20.000.000-0',1);
INSERT INTO profesorhabilidad VALUES('20.000.000-0',2);
INSERT INTO profesorhabilidad VALUES('20.000.000-0',3);
INSERT INTO profesorhabilidad VALUES('20.000.000-0',4);
INSERT INTO profesorhabilidad VALUES('20.000.000-0',5);
INSERT INTO encuesta VALUES(1,'NA');
INSERT INTO encuesta VALUES(2,'NA');
INSERT INTO encuesta VALUES(3,'NA');
INSERT INTO encuesta VALUES(4,'NA');
INSERT INTO encuesta VALUES(5,'NA');
INSERT INTO encuesta VALUES(6,'NA');
INSERT INTO encuesta VALUES(7,'NA');
INSERT INTO encuesta VALUES(8,'NA');
INSERT INTO encuesta VALUES(9,'NA');
INSERT INTO encuesta VALUES(10,'NA');
INSERT INTO encuesta VALUES(11,'NA');
INSERT INTO encuesta VALUES(12,'NA');
INSERT INTO encuesta VALUES(13,'NA');
INSERT INTO encuesta VALUES(14,'NA');
INSERT INTO encuesta VALUES(15,'NA');
INSERT INTO encuesta VALUES(16,'NA');
INSERT INTO encuesta VALUES(17,'NA');
INSERT INTO encuesta VALUES(18,'NA');
INSERT INTO encuesta VALUES(19,'NA');
INSERT INTO encuesta VALUES(20,'NA');
INSERT INTO alumnoencuesta VALUES(20,20);
INSERT INTO alumnoencuesta VALUES(20,19);
INSERT INTO alumnoencuesta VALUES(19,18);
INSERT INTO alumnoencuesta VALUES(1,17);
INSERT INTO alumnoencuesta VALUES(2,16);
INSERT INTO alumnoencuesta VALUES(5,15);
INSERT INTO alumnoencuesta VALUES(7,14);
INSERT INTO alumnoencuesta VALUES(4,13);
INSERT INTO alumnoencuesta VALUES(15,12);
INSERT INTO alumnoencuesta VALUES(11,11);
INSERT INTO alumnoencuesta VALUES(10,10);
INSERT INTO alumnoencuesta VALUES(9,9);
INSERT INTO alumnoencuesta VALUES(19,8);
INSERT INTO alumnoencuesta VALUES(20,7);
INSERT INTO alumnoencuesta VALUES(4,6);
INSERT INTO alumnoencuesta VALUES(6,5);
INSERT INTO alumnoencuesta VALUES(8,4);
INSERT INTO alumnoencuesta VALUES(10,3);
INSERT INTO alumnoencuesta VALUES(11,2);
INSERT INTO alumnoencuesta VALUES(16,1);
INSERT INTO alumnocomentaprofesor VALUES(1,'12.000.000-0','NA');
INSERT INTO alumnocomentaprofesor VALUES(2,'11.000.000-0','NA');
INSERT INTO alumnocomentaprofesor VALUES(3,'10.000.000-0','NA');
INSERT INTO alumnocomentaprofesor VALUES(4,'01.000.000-0','NA');
INSERT INTO alumnocomentaprofesor VALUES(5,'14.000.000-0','NA');
INSERT INTO alumnocomentaprofesor VALUES(6,'03.000.000-0','NA');
INSERT INTO alumnocomentaprofesor VALUES(7,'02.000.000-0','NA');
INSERT INTO alumnocomentaprofesor VALUES(8,'20.000.000-0','NA');
INSERT INTO alumnocomentaprofesor VALUES(9,'19.000.000-0','NA');
INSERT INTO alumnocomentaprofesor VALUES(10,'15.000.000-0','NA');
INSERT INTO alumnocomentaprofesor VALUES(11,'18.000.000-0','NA');
INSERT INTO alumnocomentaprofesor VALUES(12,'07.000.000-0','NA');
INSERT INTO alumnocomentaprofesor VALUES(13,'05.000.000-0','NA');
INSERT INTO alumnocomentaprofesor VALUES(14,'05.000.000-0','NA');
INSERT INTO alumnocomentaprofesor VALUES(15,'12.000.000-0','NA');
INSERT INTO alumnocomentaprofesor VALUES(16,'13.000.000-0','NA');
INSERT INTO alumnocomentaprofesor VALUES(17,'19.000.000-0','NA');
INSERT INTO alumnocomentaprofesor VALUES(18,'20.000.000-0','NA');
INSERT INTO alumnocomentaprofesor VALUES(19,'15.000.000-0','NA');
INSERT INTO alumnocomentaprofesor VALUES(20,'01.000.000-0','NA');
INSERT INTO encuestasobreprofesor VALUES(1,'12.000.000-0');
INSERT INTO encuestasobreprofesor VALUES(2,'11.000.000-0');
INSERT INTO encuestasobreprofesor VALUES(3,'10.000.000-0');
INSERT INTO encuestasobreprofesor VALUES(4,'09.000.000-0');
INSERT INTO encuestasobreprofesor VALUES(5,'15.000.000-0');
INSERT INTO encuestasobreprofesor VALUES(6,'19.000.000-0');
INSERT INTO encuestasobreprofesor VALUES(7,'20.000.000-0');
INSERT INTO encuestasobreprofesor VALUES(8,'20.000.000-0');
INSERT INTO encuestasobreprofesor VALUES(9,'01.000.000-0');
INSERT INTO encuestasobreprofesor VALUES(10,'05.000.000-0');
INSERT INTO encuestasobreprofesor VALUES(11,'08.000.000-0');
INSERT INTO encuestasobreprofesor VALUES(12,'10.000.000-0');
INSERT INTO encuestasobreprofesor VALUES(13,'08.000.000-0');
INSERT INTO encuestasobreprofesor VALUES(14,'09.000.000-0');
INSERT INTO encuestasobreprofesor VALUES(15,'01.000.000-0');
INSERT INTO encuestasobreprofesor VALUES(16,'02.000.000-0');
INSERT INTO encuestasobreprofesor VALUES(17,'03.000.000-0');
INSERT INTO encuestasobreprofesor VALUES(18,'05.000.000-0');
INSERT INTO encuestasobreprofesor VALUES(19,'15.000.000-0');
INSERT INTO encuestasobreprofesor VALUES(20,'16.000.000-0');
INSERT INTO profesortitular VALUES('16.000.000-0');
INSERT INTO profesortitular VALUES('17.000.000-0');
INSERT INTO profesortitular VALUES('18.000.000-0');
INSERT INTO profesortitular VALUES('19.000.000-0');
INSERT INTO profesortitular VALUES('20.000.000-0');
INSERT INTO profesorasociado VALUES('11.000.000-0');
INSERT INTO profesorasociado VALUES('12.000.000-0');
INSERT INTO profesorasociado VALUES('13.000.000-0');
INSERT INTO profesorasociado VALUES('14.000.000-0');
INSERT INTO profesorasociado VALUES('15.000.000-0');
INSERT INTO profesorasistente VALUES('01.000.000-0');
INSERT INTO profesorasistente VALUES('02.000.000-0');
INSERT INTO profesorasistente VALUES('03.000.000-0');
INSERT INTO profesorasistente VALUES('04.000.000-0');
INSERT INTO profesorasistente VALUES('05.000.000-0');
INSERT INTO profesorasistente VALUES('06.000.000-0');
INSERT INTO profesorasistente VALUES('07.000.000-0');
INSERT INTO profesorasistente VALUES('08.000.000-0');
INSERT INTO profesorasistente VALUES('09.000.000-0');
INSERT INTO profesorasistente VALUES('10.000.000-0');
update profesor 
set puntuacionevaluacion = T1.puntuacion
from (
	select profesor.rutprofesor, round(avg(alumnopuntuacomentario.puntuacion),2) as puntuacion
from alumnopuntuacomentario, comentario, profesor
where alumnopuntuacomentario.idcomentario = comentario.idcomentario and
	comentario.rutprofesor = profesor.rutprofesor
group by profesor.rutprofesor) as T1
where profesor.rutprofesor = T1.rutprofesor;
